touches	repo
1541	moto
708	looking-machine
591	ripples
403	tractor-dce-gyo
360	tractor-field-notes
317	hyperclay-editor
303	mythos-canon
269	abc-flix
232	abundant-nes
207	sense-ritual
205	potters-wheel
196	core-age
149	metisim
144	island-ecology
126	resonome-genetic-archive
114	intron
114	genoma
114	codon
97	role-deck
80	text-ure
80	latent-sculptor
70	momsaic
70	forkit
68	k2.html
68	arkadu
65	unthinkable-media
65	achilles-orchestra
65	1000-small-futures
57	venn-32
55	wa
55	synarchiv
53	acm
52	atg-3
49	wave
46	nothing-ritual
46	gaze
45	func-sub
43	eos
41	jdb-ripple-remix
38	the-project
38	smith-deck
38	prompt-smith
38	manila-memory-arcade
38	gob
37	the-fork
36	myth-engine
34	opek
32	angel-meets-algo
31	wh-ripple
31	feedfall
30	the-republic
29	fish-town
28	witt
28	golden-lens
27	rosetta-protocol
27	encoded-power
26	life-star
26	ethics-infrastructure
25	volholla
25	synesthetic-flux-console
25	os-dope
24	pretext-cave
23	holo-project
23	fourth-shield
21	vol-air
21	operation-describe
21	nexadoc-jar
20	hephaestus-narrative-os
20	codex-reader
19	vibe-crates
19	sympathetic-magic
19	myth-as-os
18	shoot-is-program
18	pca
18	media-surfer
18	dust-empire
17	novus-groove
17	haunted-tools
17	crest
16	platos-cave
16	meets
16	head-neuroglow
16	dyad
16	alien-child
15	golden-river
14	os-dope-faa
14	liberty-machines
14	bluefoot
13	who-owns-the-feed
13	itinerant-prompt
13	growing-entanglements
13	dream-organ
13	dirty-disclosure
13	LEGOS
12	shroud-project
11	trui
11	sr-os
10	wag-gallery
10	sapir
10	mp
10	design-brief
10	RIP
9	world-heat
9	sterner
9	human-as-media
9	culture-mind-body
8	windows-and-mirrors
8	txz-ancient
8	loving-grace
8	leasing-vibes
8	fuzzy-linkography
8	cage
7	liquid-bridge
7	imc
6	trails-and-crates
6	privacy-value-labels
6	mother-of-invention
6	making-kin
6	can-think
6	aritificial-life
5	silence-has-rules
5	platos-laundry
5	iran-sugarscape-abm
5	cb
5	babeldu
4	totb
4	reading-with-machines
4	media-culture
4	gene
4	bifurcator
4	aura-after-copies
3	training-ground
3	tmm
3	tetrad-gamepad
3	spuddy-west
3	soul-mansion
3	popular-bowl
3	political-kayfabe
3	million
3	mfss
3	media-shaper-2400
3	grid-os-
3	enos-garden
3	echoes-algos
2	medium-as-operator
2	excavator
2	chrono-mix
2	12-specs
1	with-in
1	time-atlas
1	think-outside-the-box
1	orange-assemblies
1	iran-sugarscape-scholars-canvas
1	hamlets-napkin
1	epir
1	ecology-of-media
1	eco-media
1	1000-medical
